{"cameraMode":{"drawMode":0,"name":"Shaded","section":"Shading Mode"},"sceneLighting":true,"audioPlay":false,"sceneViewState":{"m_AlwaysRefresh":false,"showFog":true,"showSkybox":true,"showFlares":true,"showImageEffects":true,"showParticleSystems":true,"showVisualEffectGraphs":true,"m_FxEnabled":true},"in2DMode":false,"pivot":{"x":27.27249526977539,"y":-12.146003723144532,"z":28.375385284423829},"rotation":{"x":0.020846346393227578,"y":0.9402464032173157,"z":-0.3350410461425781,"w":0.05814441666007042},"size":26.281869888305665,"orthographic":false}