{"cameraMode":{"drawMode":0,"name":"Shaded","section":"Shading Mode"},"sceneLighting":true,"audioPlay":false,"sceneViewState":{"m_AlwaysRefresh":false,"showFog":true,"showSkybox":true,"showFlares":true,"showImageEffects":true,"showParticleSystems":true,"showVisualEffectGraphs":true,"m_FxEnabled":true},"in2DMode":false,"pivot":{"x":37.71607208251953,"y":10.476997375488282,"z":15.41756820678711},"rotation":{"x":0.7093620300292969,"y":0.029285306110978128,"z":-0.02914792113006115,"w":0.7038198113441467},"size":18.812299728393556,"orthographic":false}